Epoch,MSE
1,264.4587844885452
2,172.63653645614562
3,117.19302972298244
4,82.29042041486632
5,59.879016573545535
6,45.33926103616364
7,35.84318124282531
8,29.606176164050964
9,25.486252284052572
10,22.74754807262351
11,20.91389925182109
12,19.676152557902782
13,18.832921787653763
14,18.25254114143942
15,17.848565264953237
16,17.563960402631288
17,17.36088368649323
18,17.21406120185161
19,17.10648716384619
20,17.026622583478986
21,16.96656445172307
22,16.920844456428185
23,16.885637110893573
24,16.858234956545907
25,16.83669861589368
26,16.819621800581672
27,16.805972266753038
28,16.794983229724536
29,16.78607851983056
30,16.778820464512744
31,16.772873201799268
32,16.76797656536966
33,16.763927281862426
34,16.760565278004048
35,16.75776359692634
36,16.755420891919115
37,16.75345578132771
38,16.751802562200343
39,16.75040792655919
40,16.749228425115703
41,16.74822849360246
42,16.74737890642688
43,16.746655557593737
44,16.746038494183995
45,16.745511146089996
46,16.745059709222012
47,16.744672649419588
48,16.744340301795035
49,16.744054545891064
50,16.743808541335095
51,16.743596511966537
52,16.743413568953777
53,16.74325556538757
54,16.743118976374053
55,16.74300079985468
56,16.74289847432833
57,16.74280981039971
58,16.742732933672748
59,16.742666236980757
60,16.742608340323077
61,16.74255805718085
62,16.742514366128006
63,16.742476386849653
64,16.74244335983887
65,16.742414629171346
66,16.74238962786193
67,16.7423678653923
68,16.742348917068764
69,16.742332414926043
70,16.742318039940123
71,16.742305515351624
72,16.742294600933338
73,16.742285088061855
74,16.74227679547531
75,16.742269565617566
76,16.742263261484364
77,16.742257763899904
78,16.7422529691629
79,16.742248787010332
80,16.742245138854553
81,16.74224195625606
82,16.742239179599512
83,16.742236756945196
84,16.742234643032226
85,16.742232798412907
86,16.74223118870069
87,16.742229783916553
88,16.742228557920626
89,16.742227487917837
90,16.74222655402777
91,16.742225738910264
92,16.74222502743948
93,16.742224406420046
94,16.742223864339827
95,16.74222339115451
96,16.742222978099935
97,16.742222617528487
98,16.74222230276651
99,16.742222027990024
100,16.742221788116296
101,16.74222157870935
102,16.74222139589752
103,16.742221236301564
104,16.74222109697195
105,16.74222097533413
106,16.742220869140837
107,16.742220776430415
108,16.742220695490502
109,16.742220624826302
110,16.742220563132957
111,16.742220509271352
112,16.74222046224707
113,16.74222042119201
114,16.74222038534832
115,16.742220354054375
116,16.7422203267326
117,16.742220302878724
118,16.742220282052532
119,16.742220263869687
120,16.742220247994656
121,16.742220234134493
122,16.74222022203346
123,16.742220211468258
124,16.742220202243967
125,16.74222019419038
126,16.742220187158914
127,16.74222018101984
128,16.742220175659895
129,16.742220170980193
130,16.742220166894395
131,16.742220163327133
132,16.742220160212593
133,16.74222015749332
134,16.742220155119146
135,16.74222015304628
136,16.742220151236477
137,16.74222014965635
138,16.742220148276758
139,16.742220147072246
140,16.742220146020596
141,16.742220145102408
142,16.742220144300745
143,16.742220143600814
144,16.742220142989712
145,16.742220142456162
146,16.742220141990323
147,16.742220141583605
148,16.742220141228497
149,16.74222014091846
150,16.742220140647763
151,16.742220140411423
152,16.742220140205074
153,16.74222014002491
154,16.742220139867612
155,16.742220139730275
156,16.742220139610364
157,16.742220139505676
158,16.742220139414272
159,16.742220139334467
160,16.742220139264788
161,16.742220139203955
162,16.742220139150838
163,16.742220139104464
164,16.742220139063978
165,16.742220139028625
166,16.742220138997762
167,16.74222013897081
168,16.742220138947285
169,16.742220138926744
170,16.742220138908806
171,16.74222013889315
172,16.74222013887948
173,16.742220138867538
174,16.742220138857117
175,16.74222013884802
176,16.74222013884007
177,16.742220138833137
178,16.74222013882708
179,16.742220138821793
180,16.742220138817174
181,16.742220138813142
182,16.742220138809625
183,16.74222013880655
184,16.742220138803873
185,16.742220138801528
186,16.742220138799485
187,16.7422201387977
188,16.74222013879614
189,16.742220138794778
190,16.742220138793588
191,16.742220138792554
192,16.742220138791648
193,16.742220138790856
194,16.742220138790163
195,16.74222013878956
196,16.742220138789033
197,16.742220138788575
198,16.742220138788177
199,16.742220138787825
200,16.74222013878752
201,16.742220138787253
202,16.742220138787015
203,16.742220138786813
204,16.742220138786635
205,16.742220138786482
206,16.742220138786347
207,16.742220138786227
208,16.742220138786124
209,16.742220138786035
210,16.742220138785957
211,16.74222013878589
212,16.742220138785825
213,16.742220138785772
214,16.74222013878573
215,16.74222013878569
216,16.742220138785655
217,16.742220138785623
218,16.742220138785598
219,16.742220138785573
220,16.742220138785555
221,16.742220138785537
222,16.74222013878552
223,16.742220138785505
224,16.742220138785495
225,16.742220138785488
226,16.742220138785477
227,16.742220138785466
228,16.742220138785463
229,16.742220138785456
230,16.74222013878545
231,16.74222013878545
232,16.74222013878544
233,16.742220138785438
234,16.742220138785434
235,16.742220138785434
236,16.74222013878543
237,16.742220138785427
238,16.742220138785424
239,16.742220138785424
240,16.742220138785424
241,16.742220138785424
242,16.74222013878542
243,16.74222013878542
244,16.74222013878542
245,16.74222013878542
246,16.74222013878542
247,16.74222013878542
248,16.74222013878542
249,16.742220138785413
250,16.742220138785417
251,16.742220138785417
252,16.742220138785417
253,16.74222013878542
254,16.742220138785413
255,16.742220138785417
256,16.742220138785413
257,16.742220138785413
258,16.742220138785413
259,16.742220138785413
260,16.742220138785413
261,16.742220138785417
262,16.742220138785413
263,16.742220138785413
264,16.742220138785413
265,16.742220138785413
266,16.742220138785413
267,16.742220138785413
268,16.742220138785413
269,16.742220138785413
270,16.742220138785413
271,16.742220138785413
272,16.742220138785413
273,16.742220138785413
274,16.742220138785413
275,16.742220138785413
276,16.742220138785413
277,16.742220138785413
278,16.742220138785413
279,16.742220138785413
280,16.742220138785413
281,16.742220138785413
282,16.742220138785413
283,16.742220138785413
284,16.742220138785413
285,16.742220138785413
286,16.742220138785413
287,16.742220138785413
288,16.742220138785413
289,16.742220138785413
290,16.742220138785413
291,16.742220138785413
292,16.742220138785413
293,16.742220138785417
294,16.742220138785413
295,16.742220138785413
296,16.742220138785413
297,16.742220138785413
298,16.742220138785413
299,16.742220138785413
300,16.742220138785413
301,16.742220138785413
302,16.742220138785413
303,16.742220138785413
304,16.742220138785413
305,16.742220138785413
306,16.742220138785413
307,16.742220138785413
308,16.742220138785413
309,16.742220138785413
310,16.742220138785413
311,16.742220138785413
312,16.742220138785413
313,16.742220138785413
314,16.742220138785413
315,16.742220138785413
316,16.742220138785413
317,16.742220138785413
318,16.742220138785417
319,16.742220138785413
320,16.742220138785413
321,16.742220138785413
322,16.742220138785417
323,16.742220138785413
324,16.742220138785413
325,16.742220138785413
326,16.742220138785413
327,16.742220138785413
328,16.742220138785413
329,16.742220138785413
330,16.742220138785413
331,16.742220138785417
332,16.742220138785413
333,16.742220138785413
334,16.742220138785413
335,16.742220138785413
336,16.742220138785413
337,16.742220138785413
338,16.742220138785413
339,16.742220138785413
340,16.742220138785413
341,16.742220138785413
342,16.742220138785413
343,16.742220138785413
344,16.742220138785413
345,16.742220138785413
346,16.742220138785413
347,16.742220138785413
348,16.742220138785413
349,16.742220138785413
350,16.742220138785413
351,16.742220138785413
352,16.742220138785413
353,16.742220138785413
354,16.742220138785413
355,16.742220138785417
356,16.742220138785413
357,16.742220138785413
358,16.742220138785413
359,16.742220138785413
360,16.742220138785413
361,16.742220138785413
362,16.742220138785417
363,16.742220138785413
364,16.742220138785417
365,16.742220138785413
366,16.742220138785413
367,16.742220138785413
368,16.742220138785417
369,16.742220138785413
370,16.742220138785413
371,16.742220138785413
372,16.742220138785413
373,16.742220138785413
374,16.742220138785417
375,16.742220138785413
376,16.742220138785413
377,16.742220138785413
378,16.742220138785413
379,16.742220138785413
380,16.742220138785413
381,16.742220138785413
382,16.742220138785417
383,16.742220138785413
384,16.742220138785413
385,16.742220138785413
386,16.742220138785413
387,16.742220138785413
388,16.742220138785413
389,16.742220138785413
390,16.742220138785413
391,16.742220138785413
392,16.742220138785417
393,16.742220138785413
394,16.742220138785413
395,16.742220138785413
396,16.742220138785413
397,16.742220138785413
398,16.742220138785413
399,16.742220138785413
400,16.742220138785413
401,16.742220138785413
402,16.742220138785413
403,16.742220138785413
404,16.742220138785413
405,16.742220138785413
406,16.742220138785413
407,16.742220138785413
408,16.742220138785413
409,16.742220138785413
410,16.742220138785413
411,16.742220138785413
412,16.742220138785413
413,16.742220138785413
414,16.742220138785413
415,16.742220138785413
416,16.742220138785413
417,16.742220138785413
418,16.742220138785413
419,16.742220138785413
420,16.742220138785413
421,16.742220138785413
422,16.742220138785413
423,16.742220138785413
424,16.742220138785413
425,16.742220138785413
426,16.742220138785413
427,16.742220138785413
428,16.742220138785413
429,16.742220138785413
430,16.742220138785413
431,16.742220138785413
432,16.742220138785413
433,16.742220138785413
434,16.742220138785413
435,16.742220138785413
436,16.742220138785413
437,16.742220138785413
438,16.742220138785413
439,16.742220138785417
440,16.742220138785417
441,16.742220138785413
442,16.742220138785413
443,16.742220138785413
444,16.742220138785413
445,16.742220138785413
446,16.742220138785413
447,16.742220138785413
448,16.742220138785413
449,16.742220138785413
450,16.742220138785413
451,16.742220138785413
452,16.742220138785413
453,16.742220138785413
454,16.742220138785413
455,16.742220138785413
456,16.742220138785413
457,16.742220138785413
458,16.742220138785413
459,16.742220138785413
460,16.742220138785413
461,16.742220138785413
462,16.742220138785413
463,16.742220138785413
464,16.742220138785413
465,16.742220138785413
466,16.742220138785413
467,16.742220138785413
468,16.742220138785413
469,16.742220138785413
470,16.742220138785413
471,16.742220138785413
472,16.742220138785413
473,16.742220138785413
474,16.742220138785413
475,16.742220138785413
476,16.742220138785413
477,16.742220138785413
478,16.742220138785413
479,16.742220138785413
480,16.742220138785413
481,16.742220138785413
482,16.742220138785413
483,16.742220138785413
484,16.742220138785413
485,16.742220138785413
486,16.742220138785413
487,16.742220138785413
488,16.742220138785413
489,16.742220138785413
490,16.742220138785413
491,16.742220138785413
492,16.742220138785413
493,16.742220138785413
494,16.742220138785413
495,16.742220138785413
496,16.742220138785413
497,16.742220138785413
498,16.742220138785413
499,16.742220138785413
500,16.742220138785413
501,16.742220138785413
502,16.742220138785413
503,16.742220138785413
504,16.742220138785413
505,16.742220138785413
506,16.742220138785413
507,16.742220138785413
508,16.742220138785413
509,16.742220138785413
510,16.742220138785413
511,16.742220138785413
512,16.742220138785413
513,16.742220138785413
514,16.742220138785413
515,16.742220138785413
516,16.742220138785413
517,16.742220138785413
518,16.742220138785413
519,16.742220138785413
520,16.742220138785413
521,16.742220138785413
522,16.742220138785413
523,16.742220138785413
524,16.742220138785413
525,16.742220138785413
526,16.742220138785413
527,16.742220138785413
528,16.742220138785413
529,16.742220138785413
530,16.742220138785413
531,16.742220138785413
532,16.742220138785413
533,16.742220138785413
534,16.742220138785413
535,16.742220138785413
536,16.742220138785413
537,16.742220138785413
538,16.742220138785413
539,16.742220138785413
540,16.742220138785413
541,16.742220138785413
542,16.742220138785413
543,16.742220138785413
544,16.742220138785413
545,16.742220138785413
546,16.742220138785413
547,16.742220138785413
548,16.742220138785413
549,16.742220138785413
550,16.742220138785413
551,16.742220138785413
552,16.742220138785413
553,16.742220138785413
554,16.742220138785413
555,16.742220138785413
556,16.742220138785413
557,16.742220138785413
558,16.742220138785413
559,16.742220138785413
560,16.742220138785413
561,16.742220138785413
562,16.742220138785413
563,16.742220138785413
564,16.742220138785413
565,16.742220138785413
566,16.742220138785413
567,16.742220138785413
568,16.742220138785413
569,16.742220138785413
570,16.742220138785413
571,16.742220138785413
572,16.742220138785413
573,16.742220138785413
574,16.742220138785413
575,16.742220138785413
576,16.742220138785413
577,16.742220138785413
578,16.742220138785413
579,16.742220138785413
580,16.742220138785413
581,16.742220138785413
582,16.742220138785413
583,16.742220138785413
584,16.742220138785413
585,16.742220138785413
586,16.742220138785413
587,16.742220138785413
588,16.742220138785413
589,16.742220138785413
590,16.742220138785413
591,16.742220138785413
592,16.742220138785413
593,16.742220138785413
594,16.742220138785413
595,16.742220138785413
596,16.742220138785413
597,16.742220138785413
598,16.742220138785413
599,16.742220138785413
600,16.742220138785413
601,16.742220138785413
602,16.742220138785413
603,16.742220138785413
604,16.742220138785413
605,16.742220138785413
606,16.742220138785413
607,16.742220138785413
608,16.742220138785413
609,16.742220138785413
610,16.742220138785413
611,16.742220138785413
612,16.742220138785413
613,16.742220138785413
614,16.742220138785413
615,16.742220138785413
616,16.742220138785413
617,16.742220138785413
618,16.742220138785413
619,16.742220138785413
620,16.742220138785413
621,16.742220138785413
622,16.742220138785413
623,16.742220138785413
624,16.742220138785413
625,16.742220138785413
626,16.742220138785413
627,16.742220138785413
628,16.742220138785413
629,16.742220138785413
630,16.742220138785413
631,16.742220138785413
632,16.742220138785413
633,16.742220138785413
634,16.742220138785413
635,16.742220138785413
636,16.742220138785413
637,16.742220138785413
638,16.742220138785413
639,16.742220138785413
640,16.742220138785413
641,16.742220138785413
642,16.742220138785413
643,16.742220138785413
644,16.742220138785413
645,16.742220138785413
646,16.742220138785413
647,16.742220138785413
648,16.742220138785413
649,16.742220138785413
650,16.742220138785413
651,16.742220138785413
652,16.742220138785413
653,16.742220138785413
654,16.742220138785413
655,16.742220138785413
656,16.742220138785413
657,16.742220138785413
658,16.742220138785413
659,16.742220138785413
660,16.742220138785413
661,16.742220138785413
662,16.742220138785413
663,16.742220138785413
664,16.742220138785413
665,16.742220138785413
666,16.742220138785413
667,16.742220138785413
668,16.742220138785413
669,16.742220138785413
670,16.742220138785413
671,16.742220138785413
672,16.742220138785413
673,16.742220138785413
674,16.742220138785413
675,16.742220138785413
676,16.742220138785413
677,16.742220138785413
678,16.742220138785413
679,16.742220138785413
680,16.742220138785413
681,16.742220138785413
682,16.742220138785413
683,16.742220138785413
684,16.742220138785413
685,16.742220138785413
686,16.742220138785413
687,16.742220138785413
688,16.742220138785413
689,16.742220138785413
690,16.742220138785413
691,16.742220138785413
692,16.742220138785413
693,16.742220138785413
694,16.742220138785413
695,16.742220138785413
696,16.742220138785413
697,16.742220138785413
698,16.742220138785413
699,16.742220138785413
700,16.742220138785413
701,16.742220138785413
702,16.742220138785413
703,16.742220138785413
704,16.742220138785413
705,16.742220138785413
706,16.742220138785413
707,16.742220138785413
708,16.742220138785413
709,16.742220138785413
710,16.742220138785413
711,16.742220138785413
712,16.742220138785413
713,16.742220138785413
714,16.742220138785413
715,16.742220138785413
716,16.742220138785413
717,16.742220138785413
718,16.742220138785413
719,16.742220138785413
720,16.742220138785413
721,16.742220138785413
722,16.742220138785413
723,16.742220138785413
724,16.742220138785413
725,16.742220138785413
726,16.742220138785413
727,16.742220138785413
728,16.742220138785413
729,16.742220138785413
730,16.742220138785413
731,16.742220138785413
732,16.742220138785413
733,16.742220138785413
734,16.742220138785413
735,16.742220138785413
736,16.742220138785413
737,16.742220138785413
738,16.742220138785413
739,16.742220138785413
740,16.742220138785413
741,16.742220138785413
742,16.742220138785413
743,16.742220138785413
744,16.742220138785413
745,16.742220138785413
746,16.742220138785413
747,16.742220138785413
748,16.742220138785413
749,16.742220138785413
750,16.742220138785413
751,16.742220138785413
752,16.742220138785413
753,16.742220138785413
754,16.742220138785413
755,16.742220138785413
756,16.742220138785413
757,16.742220138785413
758,16.742220138785413
759,16.742220138785413
760,16.742220138785413
761,16.742220138785413
762,16.742220138785413
763,16.742220138785413
764,16.742220138785413
765,16.742220138785413
766,16.742220138785413
767,16.742220138785413
768,16.742220138785413
769,16.742220138785413
770,16.742220138785413
771,16.742220138785413
772,16.742220138785413
773,16.742220138785413
774,16.742220138785413
775,16.742220138785413
776,16.742220138785413
777,16.742220138785413
778,16.742220138785413
779,16.742220138785413
780,16.742220138785413
781,16.742220138785413
782,16.742220138785413
783,16.742220138785413
784,16.742220138785413
785,16.742220138785413
786,16.742220138785413
787,16.742220138785413
788,16.742220138785413
789,16.742220138785413
790,16.742220138785413
791,16.742220138785413
792,16.742220138785413
793,16.742220138785413
794,16.742220138785413
795,16.742220138785413
796,16.742220138785413
797,16.742220138785413
798,16.742220138785413
799,16.742220138785413
800,16.742220138785413
801,16.742220138785413
802,16.742220138785413
803,16.742220138785413
804,16.742220138785413
805,16.742220138785413
806,16.742220138785413
807,16.742220138785413
808,16.742220138785413
809,16.742220138785413
810,16.742220138785413
811,16.742220138785413
812,16.742220138785413
813,16.742220138785413
814,16.742220138785413
815,16.742220138785413
816,16.742220138785413
817,16.742220138785413
818,16.742220138785413
819,16.742220138785413
820,16.742220138785413
821,16.742220138785413
822,16.742220138785413
823,16.742220138785413
824,16.742220138785413
825,16.742220138785413
826,16.742220138785413
827,16.742220138785413
828,16.742220138785413
829,16.742220138785413
830,16.742220138785413
831,16.742220138785413
832,16.742220138785413
833,16.742220138785413
834,16.742220138785413
835,16.742220138785413
836,16.742220138785413
837,16.742220138785413
838,16.742220138785413
839,16.742220138785413
840,16.742220138785413
841,16.742220138785413
842,16.742220138785413
843,16.742220138785413
844,16.742220138785413
845,16.742220138785413
846,16.742220138785413
847,16.742220138785413
848,16.742220138785413
849,16.742220138785413
850,16.742220138785413
851,16.742220138785413
852,16.742220138785413
853,16.742220138785413
854,16.742220138785413
855,16.742220138785413
856,16.742220138785413
857,16.742220138785413
858,16.742220138785413
859,16.742220138785413
860,16.742220138785413
861,16.742220138785413
862,16.742220138785413
863,16.742220138785413
864,16.742220138785413
865,16.742220138785413
866,16.742220138785413
867,16.742220138785413
868,16.742220138785413
869,16.742220138785413
870,16.742220138785413
871,16.742220138785413
872,16.742220138785413
873,16.742220138785413
874,16.742220138785413
875,16.742220138785413
876,16.742220138785413
877,16.742220138785413
878,16.742220138785413
879,16.742220138785413
880,16.742220138785413
881,16.742220138785413
882,16.742220138785413
883,16.742220138785413
884,16.742220138785413
885,16.742220138785413
886,16.742220138785413
887,16.742220138785413
888,16.742220138785413
889,16.742220138785413
890,16.742220138785413
891,16.742220138785413
892,16.742220138785413
893,16.742220138785413
894,16.742220138785413
895,16.742220138785413
896,16.742220138785413
897,16.742220138785413
898,16.742220138785413
899,16.742220138785413
900,16.742220138785413
901,16.742220138785413
902,16.742220138785413
903,16.742220138785413
904,16.742220138785413
905,16.742220138785413
906,16.742220138785413
907,16.742220138785413
908,16.742220138785413
909,16.742220138785413
910,16.742220138785413
911,16.742220138785413
912,16.742220138785413
913,16.742220138785413
914,16.742220138785413
915,16.742220138785413
916,16.742220138785413
917,16.742220138785413
918,16.742220138785413
919,16.742220138785413
920,16.742220138785413
921,16.742220138785413
922,16.742220138785413
923,16.742220138785413
924,16.742220138785413
925,16.742220138785413
926,16.742220138785413
927,16.742220138785413
928,16.742220138785413
929,16.742220138785413
930,16.742220138785413
931,16.742220138785413
932,16.742220138785413
933,16.742220138785413
934,16.742220138785413
935,16.742220138785413
936,16.742220138785413
937,16.742220138785413
938,16.742220138785413
939,16.742220138785413
940,16.742220138785413
941,16.742220138785413
942,16.742220138785413
943,16.742220138785413
944,16.742220138785413
945,16.742220138785413
946,16.742220138785413
947,16.742220138785413
948,16.742220138785413
949,16.742220138785413
950,16.742220138785413
951,16.742220138785413
952,16.742220138785413
953,16.742220138785413
954,16.742220138785413
955,16.742220138785413
956,16.742220138785413
957,16.742220138785413
958,16.742220138785413
959,16.742220138785413
960,16.742220138785413
961,16.742220138785413
962,16.742220138785413
963,16.742220138785413
964,16.742220138785413
965,16.742220138785413
966,16.742220138785413
967,16.742220138785413
968,16.742220138785413
969,16.742220138785413
970,16.742220138785413
971,16.742220138785413
972,16.742220138785413
973,16.742220138785413
974,16.742220138785413
975,16.742220138785413
976,16.742220138785413
977,16.742220138785413
978,16.742220138785413
979,16.742220138785413
980,16.742220138785413
981,16.742220138785413
982,16.742220138785413
983,16.742220138785413
984,16.742220138785413
985,16.742220138785413
986,16.742220138785413
987,16.742220138785413
988,16.742220138785413
989,16.742220138785413
990,16.742220138785413
991,16.742220138785413
992,16.742220138785413
993,16.742220138785413
994,16.742220138785413
995,16.742220138785413
996,16.742220138785413
997,16.742220138785413
998,16.742220138785413
999,16.742220138785413
1000,16.742220138785413
1001,16.742220138785413
1002,16.742220138785413
1003,16.742220138785413
1004,16.742220138785413
1005,16.742220138785413
1006,16.742220138785413
1007,16.742220138785413
1008,16.742220138785413
1009,16.742220138785413
1010,16.742220138785413
1011,16.742220138785413
1012,16.742220138785413
1013,16.742220138785413
1014,16.742220138785413
1015,16.742220138785413
1016,16.742220138785413
1017,16.742220138785413
1018,16.742220138785413
1019,16.742220138785413
1020,16.742220138785413
1021,16.742220138785413
1022,16.742220138785413
1023,16.742220138785413
1024,16.742220138785413
1025,16.742220138785413
1026,16.742220138785413
1027,16.742220138785413
1028,16.742220138785413
1029,16.742220138785413
1030,16.742220138785413
1031,16.742220138785413
1032,16.742220138785413
1033,16.742220138785413
1034,16.742220138785413
1035,16.742220138785413
1036,16.742220138785413
1037,16.742220138785413
1038,16.742220138785413
1039,16.742220138785413
1040,16.742220138785413
1041,16.742220138785413
1042,16.742220138785413
1043,16.742220138785413
1044,16.742220138785413
1045,16.742220138785413
1046,16.742220138785413
1047,16.742220138785413
1048,16.742220138785413
1049,16.742220138785413
1050,16.742220138785413
1051,16.742220138785413
1052,16.742220138785413
1053,16.742220138785413
1054,16.742220138785413
1055,16.742220138785413
1056,16.742220138785413
1057,16.742220138785413
1058,16.742220138785413
1059,16.742220138785413
1060,16.742220138785413
1061,16.742220138785413
1062,16.742220138785413
1063,16.742220138785413
1064,16.742220138785413
1065,16.742220138785413
1066,16.742220138785413
1067,16.742220138785413
1068,16.742220138785413
1069,16.742220138785413
1070,16.742220138785413
1071,16.742220138785413
1072,16.742220138785413
1073,16.742220138785413
1074,16.742220138785413
1075,16.742220138785413
1076,16.742220138785413
1077,16.742220138785413
1078,16.742220138785413
1079,16.742220138785413
1080,16.742220138785413
1081,16.742220138785413
1082,16.742220138785413
1083,16.742220138785413
1084,16.742220138785413
1085,16.742220138785413
1086,16.742220138785413
1087,16.742220138785413
1088,16.742220138785413
1089,16.742220138785413
1090,16.742220138785413
1091,16.742220138785413
1092,16.742220138785413
1093,16.742220138785413
1094,16.742220138785413
1095,16.742220138785413
1096,16.742220138785413
1097,16.742220138785413
1098,16.742220138785413
1099,16.742220138785413
1100,16.742220138785413
1101,16.742220138785413
1102,16.742220138785413
1103,16.742220138785413
1104,16.742220138785413
1105,16.742220138785413
1106,16.742220138785413
1107,16.742220138785413
1108,16.742220138785413
1109,16.742220138785413
1110,16.742220138785413
1111,16.742220138785413
1112,16.742220138785413
1113,16.742220138785413
1114,16.742220138785413
1115,16.742220138785413
1116,16.742220138785413
1117,16.742220138785413
1118,16.742220138785413
1119,16.742220138785413
1120,16.742220138785413
1121,16.742220138785413
1122,16.742220138785413
1123,16.742220138785413
1124,16.742220138785413
1125,16.742220138785413
1126,16.742220138785413
1127,16.742220138785413
1128,16.742220138785413
1129,16.742220138785413
1130,16.742220138785413
1131,16.742220138785413
1132,16.742220138785413
1133,16.742220138785413
1134,16.742220138785413
1135,16.742220138785413
1136,16.742220138785413
1137,16.742220138785413
1138,16.742220138785413
1139,16.742220138785413
1140,16.742220138785413
1141,16.742220138785413
1142,16.742220138785413
1143,16.742220138785413
1144,16.742220138785413
1145,16.742220138785413
1146,16.742220138785413
1147,16.742220138785413
1148,16.742220138785413
1149,16.742220138785413
1150,16.742220138785413
1151,16.742220138785413
1152,16.742220138785413
1153,16.742220138785413
1154,16.742220138785413
1155,16.742220138785413
1156,16.742220138785413
1157,16.742220138785413
1158,16.742220138785413
1159,16.742220138785413
1160,16.742220138785413
1161,16.742220138785413
1162,16.742220138785413
1163,16.742220138785413
1164,16.742220138785413
1165,16.742220138785413
1166,16.742220138785413
1167,16.742220138785413
1168,16.742220138785413
1169,16.742220138785413
1170,16.742220138785413
1171,16.742220138785413
1172,16.742220138785413
1173,16.742220138785413
1174,16.742220138785413
1175,16.742220138785413
1176,16.742220138785413
1177,16.742220138785413
1178,16.742220138785413
1179,16.742220138785413
1180,16.742220138785413
1181,16.742220138785413
1182,16.742220138785413
1183,16.742220138785413
1184,16.742220138785413
1185,16.742220138785413
1186,16.742220138785413
1187,16.742220138785413
1188,16.742220138785413
1189,16.742220138785413
1190,16.742220138785413
1191,16.742220138785413
1192,16.742220138785413
1193,16.742220138785413
1194,16.742220138785413
1195,16.742220138785413
1196,16.742220138785413
1197,16.742220138785413
1198,16.742220138785413
1199,16.742220138785413
1200,16.742220138785413
1201,16.742220138785413
1202,16.742220138785413
1203,16.742220138785413
1204,16.742220138785413
1205,16.742220138785413
1206,16.742220138785413
1207,16.742220138785413
1208,16.742220138785413
1209,16.742220138785413
1210,16.742220138785413
1211,16.742220138785413
1212,16.742220138785413
1213,16.742220138785413
1214,16.742220138785413
1215,16.742220138785413
1216,16.742220138785413
1217,16.742220138785413
1218,16.742220138785413
1219,16.742220138785413
1220,16.742220138785413
1221,16.742220138785413
1222,16.742220138785413
1223,16.742220138785413
1224,16.742220138785413
1225,16.742220138785413
1226,16.742220138785413
1227,16.742220138785413
1228,16.742220138785413
1229,16.742220138785413
1230,16.742220138785413
1231,16.742220138785413
1232,16.742220138785413
1233,16.742220138785413
1234,16.742220138785413
1235,16.742220138785413
1236,16.742220138785413
1237,16.742220138785413
1238,16.742220138785413
1239,16.742220138785413
1240,16.742220138785413
1241,16.742220138785413
1242,16.742220138785413
1243,16.742220138785413
1244,16.742220138785413
1245,16.742220138785413
1246,16.742220138785413
1247,16.742220138785413
1248,16.742220138785413
1249,16.742220138785413
1250,16.742220138785413
1251,16.742220138785413
1252,16.742220138785413
1253,16.742220138785413
1254,16.742220138785413
1255,16.742220138785413
1256,16.742220138785413
1257,16.742220138785413
1258,16.742220138785413
1259,16.742220138785413
1260,16.742220138785413
1261,16.742220138785413
1262,16.742220138785413
1263,16.742220138785413
1264,16.742220138785413
1265,16.742220138785413
1266,16.742220138785413
1267,16.742220138785413
1268,16.742220138785413
1269,16.742220138785413
1270,16.742220138785413
1271,16.742220138785413
1272,16.742220138785413
1273,16.742220138785413
1274,16.742220138785413
1275,16.742220138785413
1276,16.742220138785413
1277,16.742220138785413
1278,16.742220138785413
1279,16.742220138785413
1280,16.742220138785413
1281,16.742220138785413
1282,16.742220138785413
1283,16.742220138785413
1284,16.742220138785413
1285,16.742220138785413
1286,16.742220138785413
1287,16.742220138785413
1288,16.742220138785413
1289,16.742220138785413
1290,16.742220138785413
1291,16.742220138785413
1292,16.742220138785413
1293,16.742220138785413
1294,16.742220138785413
1295,16.742220138785413
1296,16.742220138785413
1297,16.742220138785413
1298,16.742220138785413
1299,16.742220138785413
1300,16.742220138785413
1301,16.742220138785413
1302,16.742220138785413
1303,16.742220138785413
1304,16.742220138785413
1305,16.742220138785413
1306,16.742220138785413
1307,16.742220138785413
1308,16.742220138785413
1309,16.742220138785413
1310,16.742220138785413
1311,16.742220138785413
1312,16.742220138785413
1313,16.742220138785413
1314,16.742220138785413
1315,16.742220138785413
1316,16.742220138785413
1317,16.742220138785413
1318,16.742220138785413
1319,16.742220138785413
1320,16.742220138785413
1321,16.742220138785413
1322,16.742220138785413
1323,16.742220138785413
1324,16.742220138785413
1325,16.742220138785413
1326,16.742220138785413
1327,16.742220138785413
1328,16.742220138785413
1329,16.742220138785413
1330,16.742220138785413
1331,16.742220138785413
1332,16.742220138785413
1333,16.742220138785413
1334,16.742220138785413
1335,16.742220138785413
1336,16.742220138785413
1337,16.742220138785413
1338,16.742220138785413
1339,16.742220138785413
1340,16.742220138785413
1341,16.742220138785413
1342,16.742220138785413
1343,16.742220138785413
1344,16.742220138785413
1345,16.742220138785413
1346,16.742220138785413
1347,16.742220138785413
1348,16.742220138785413
1349,16.742220138785413
1350,16.742220138785413
1351,16.742220138785413
1352,16.742220138785413
1353,16.742220138785413
1354,16.742220138785413
1355,16.742220138785413
1356,16.742220138785413
1357,16.742220138785413
1358,16.742220138785413
1359,16.742220138785413
1360,16.742220138785413
1361,16.742220138785413
1362,16.742220138785413
1363,16.742220138785413
1364,16.742220138785413
1365,16.742220138785413
1366,16.742220138785413
1367,16.742220138785413
1368,16.742220138785413
1369,16.742220138785413
1370,16.742220138785413
1371,16.742220138785413
1372,16.742220138785413
1373,16.742220138785413
1374,16.742220138785413
1375,16.742220138785413
1376,16.742220138785413
1377,16.742220138785413
1378,16.742220138785413
1379,16.742220138785413
1380,16.742220138785413
1381,16.742220138785413
1382,16.742220138785413
1383,16.742220138785413
1384,16.742220138785413
1385,16.742220138785413
1386,16.742220138785413
1387,16.742220138785413
1388,16.742220138785413
1389,16.742220138785413
1390,16.742220138785413
1391,16.742220138785413
1392,16.742220138785413
1393,16.742220138785413
1394,16.742220138785413
1395,16.742220138785413
1396,16.742220138785413
1397,16.742220138785413
1398,16.742220138785413
1399,16.742220138785413
1400,16.742220138785413
1401,16.742220138785413
1402,16.742220138785413
1403,16.742220138785413
1404,16.742220138785413
1405,16.742220138785413
1406,16.742220138785413
1407,16.742220138785413
1408,16.742220138785413
1409,16.742220138785413
1410,16.742220138785413
1411,16.742220138785413
1412,16.742220138785413
1413,16.742220138785413
1414,16.742220138785413
1415,16.742220138785413
1416,16.742220138785413
1417,16.742220138785413
1418,16.742220138785413
1419,16.742220138785413
1420,16.742220138785413
1421,16.742220138785413
1422,16.742220138785413
1423,16.742220138785413
1424,16.742220138785413
1425,16.742220138785413
1426,16.742220138785413
1427,16.742220138785413
1428,16.742220138785413
1429,16.742220138785413
1430,16.742220138785413
1431,16.742220138785413
1432,16.742220138785413
1433,16.742220138785413
1434,16.742220138785413
1435,16.742220138785413
1436,16.742220138785413
1437,16.742220138785413
1438,16.742220138785413
1439,16.742220138785413
1440,16.742220138785413
1441,16.742220138785413
1442,16.742220138785413
1443,16.742220138785413
1444,16.742220138785413
1445,16.742220138785413
1446,16.742220138785413
1447,16.742220138785413
1448,16.742220138785413
1449,16.742220138785413
1450,16.742220138785413
1451,16.742220138785413
1452,16.742220138785413
1453,16.742220138785413
1454,16.742220138785413
1455,16.742220138785413
1456,16.742220138785413
1457,16.742220138785413
1458,16.742220138785413
1459,16.742220138785413
1460,16.742220138785413
1461,16.742220138785413
1462,16.742220138785413
1463,16.742220138785413
1464,16.742220138785413
1465,16.742220138785413
1466,16.742220138785413
1467,16.742220138785413
1468,16.742220138785413
1469,16.742220138785413
1470,16.742220138785413
1471,16.742220138785413
1472,16.742220138785413
1473,16.742220138785413
1474,16.742220138785413
1475,16.742220138785413
1476,16.742220138785413
1477,16.742220138785413
1478,16.742220138785413
1479,16.742220138785413
1480,16.742220138785413
1481,16.742220138785413
1482,16.742220138785413
1483,16.742220138785413
1484,16.742220138785413
1485,16.742220138785413
1486,16.742220138785413
1487,16.742220138785413
1488,16.742220138785413
1489,16.742220138785413
1490,16.742220138785413
1491,16.742220138785413
1492,16.742220138785413
1493,16.742220138785413
1494,16.742220138785413
1495,16.742220138785413
1496,16.742220138785413
1497,16.742220138785413
1498,16.742220138785413
1499,16.742220138785413
1500,16.742220138785413
1501,16.742220138785413
1502,16.742220138785413
1503,16.742220138785413
1504,16.742220138785413
1505,16.742220138785413
1506,16.742220138785413
1507,16.742220138785413
1508,16.742220138785413
1509,16.742220138785413
1510,16.742220138785413
1511,16.742220138785413
1512,16.742220138785413
1513,16.742220138785413
1514,16.742220138785413
1515,16.742220138785413
1516,16.742220138785413
1517,16.742220138785413
1518,16.742220138785413
1519,16.742220138785413
1520,16.742220138785413
1521,16.742220138785413
1522,16.742220138785413
1523,16.742220138785413
1524,16.742220138785413
1525,16.742220138785413
1526,16.742220138785413
1527,16.742220138785413
1528,16.742220138785413
1529,16.742220138785413
1530,16.742220138785413
1531,16.742220138785413
1532,16.742220138785413
1533,16.742220138785413
1534,16.742220138785413
1535,16.742220138785413
1536,16.742220138785413
1537,16.742220138785413
1538,16.742220138785413
1539,16.742220138785413
1540,16.742220138785413
1541,16.742220138785413
1542,16.742220138785413
1543,16.742220138785413
1544,16.742220138785413
1545,16.742220138785413
1546,16.742220138785413
1547,16.742220138785413
1548,16.742220138785413
1549,16.742220138785413
1550,16.742220138785413
1551,16.742220138785413
1552,16.742220138785413
1553,16.742220138785413
1554,16.742220138785413
1555,16.742220138785413
1556,16.742220138785413
1557,16.742220138785413
1558,16.742220138785413
1559,16.742220138785413
1560,16.742220138785413
1561,16.742220138785413
1562,16.742220138785413
1563,16.742220138785413
1564,16.742220138785413
1565,16.742220138785413
1566,16.742220138785413
1567,16.742220138785413
1568,16.742220138785413
1569,16.742220138785413
1570,16.742220138785413
1571,16.742220138785413
1572,16.742220138785413
1573,16.742220138785413
1574,16.742220138785413
1575,16.742220138785413
1576,16.742220138785413
1577,16.742220138785413
1578,16.742220138785413
1579,16.742220138785413
1580,16.742220138785413
1581,16.742220138785413
1582,16.742220138785413
1583,16.742220138785413
1584,16.742220138785413
1585,16.742220138785413
1586,16.742220138785413
1587,16.742220138785413
1588,16.742220138785413
1589,16.742220138785413
1590,16.742220138785413
1591,16.742220138785413
1592,16.742220138785413
1593,16.742220138785413
1594,16.742220138785413
1595,16.742220138785413
1596,16.742220138785413
1597,16.742220138785413
1598,16.742220138785413
1599,16.742220138785413
1600,16.742220138785413
1601,16.742220138785413
1602,16.742220138785413
1603,16.742220138785413
1604,16.742220138785413
1605,16.742220138785413
1606,16.742220138785413
1607,16.742220138785413
1608,16.742220138785413
1609,16.742220138785413
1610,16.742220138785413
1611,16.742220138785413
1612,16.742220138785413
1613,16.742220138785413
1614,16.742220138785413
1615,16.742220138785413
1616,16.742220138785413
1617,16.742220138785413
1618,16.742220138785413
1619,16.742220138785413
1620,16.742220138785413
1621,16.742220138785413
1622,16.742220138785413
1623,16.742220138785413
1624,16.742220138785413
1625,16.742220138785413
1626,16.742220138785413
1627,16.742220138785413
1628,16.742220138785413
1629,16.742220138785413
1630,16.742220138785413
1631,16.742220138785413
1632,16.742220138785413
1633,16.742220138785413
1634,16.742220138785413
1635,16.742220138785413
1636,16.742220138785413
1637,16.742220138785413
1638,16.742220138785413
1639,16.742220138785413
1640,16.742220138785413
1641,16.742220138785413
1642,16.742220138785413
1643,16.742220138785413
1644,16.742220138785413
1645,16.742220138785413
1646,16.742220138785413
1647,16.742220138785413
1648,16.742220138785413
1649,16.742220138785413
1650,16.742220138785413
1651,16.742220138785413
1652,16.742220138785413
1653,16.742220138785413
1654,16.742220138785413
1655,16.742220138785413
1656,16.742220138785413
1657,16.742220138785413
1658,16.742220138785413
1659,16.742220138785413
1660,16.742220138785413
1661,16.742220138785413
1662,16.742220138785413
1663,16.742220138785413
1664,16.742220138785413
1665,16.742220138785413
1666,16.742220138785413
1667,16.742220138785413
1668,16.742220138785413
1669,16.742220138785413
1670,16.742220138785413
1671,16.742220138785413
1672,16.742220138785413
1673,16.742220138785413
1674,16.742220138785413
1675,16.742220138785413
1676,16.742220138785413
1677,16.742220138785413
1678,16.742220138785413
1679,16.742220138785413
1680,16.742220138785413
1681,16.742220138785413
1682,16.742220138785413
1683,16.742220138785413
1684,16.742220138785413
1685,16.742220138785413
1686,16.742220138785413
1687,16.742220138785413
1688,16.742220138785413
1689,16.742220138785413
1690,16.742220138785413
1691,16.742220138785413
1692,16.742220138785413
1693,16.742220138785413
1694,16.742220138785413
1695,16.742220138785413
1696,16.742220138785413
1697,16.742220138785413
1698,16.742220138785413
1699,16.742220138785413
1700,16.742220138785413
1701,16.742220138785413
1702,16.742220138785413
1703,16.742220138785413
1704,16.742220138785413
1705,16.742220138785413
1706,16.742220138785413
1707,16.742220138785413
1708,16.742220138785413
1709,16.742220138785413
1710,16.742220138785413
1711,16.742220138785413
1712,16.742220138785413
1713,16.742220138785413
1714,16.742220138785413
1715,16.742220138785413
1716,16.742220138785413
1717,16.742220138785413
1718,16.742220138785413
1719,16.742220138785413
1720,16.742220138785413
1721,16.742220138785413
1722,16.742220138785413
1723,16.742220138785413
1724,16.742220138785413
1725,16.742220138785413
1726,16.742220138785413
1727,16.742220138785413
1728,16.742220138785413
1729,16.742220138785413
1730,16.742220138785413
1731,16.742220138785413
1732,16.742220138785413
1733,16.742220138785413
1734,16.742220138785413
1735,16.742220138785413
1736,16.742220138785413
1737,16.742220138785413
1738,16.742220138785413
1739,16.742220138785413
1740,16.742220138785413
1741,16.742220138785413
1742,16.742220138785413
1743,16.742220138785413
1744,16.742220138785413
1745,16.742220138785413
1746,16.742220138785413
1747,16.742220138785413
1748,16.742220138785413
1749,16.742220138785413
1750,16.742220138785413
1751,16.742220138785413
1752,16.742220138785413
1753,16.742220138785413
1754,16.742220138785413
1755,16.742220138785413
1756,16.742220138785413
1757,16.742220138785413
1758,16.742220138785413
1759,16.742220138785413
1760,16.742220138785413
1761,16.742220138785413
1762,16.742220138785413
1763,16.742220138785413
1764,16.742220138785413
1765,16.742220138785413
1766,16.742220138785413
1767,16.742220138785413
1768,16.742220138785413
1769,16.742220138785413
1770,16.742220138785413
1771,16.742220138785413
1772,16.742220138785413
1773,16.742220138785413
1774,16.742220138785413
1775,16.742220138785413
1776,16.742220138785413
1777,16.742220138785413
1778,16.742220138785413
1779,16.742220138785413
1780,16.742220138785413
1781,16.742220138785413
1782,16.742220138785413
1783,16.742220138785413
1784,16.742220138785413
1785,16.742220138785413
1786,16.742220138785413
1787,16.742220138785413
1788,16.742220138785413
1789,16.742220138785413
1790,16.742220138785413
1791,16.742220138785413
1792,16.742220138785413
1793,16.742220138785413
1794,16.742220138785413
1795,16.742220138785413
1796,16.742220138785413
1797,16.742220138785413
1798,16.742220138785413
1799,16.742220138785413
1800,16.742220138785413
1801,16.742220138785413
1802,16.742220138785413
1803,16.742220138785413
1804,16.742220138785413
1805,16.742220138785413
1806,16.742220138785413
1807,16.742220138785413
1808,16.742220138785413
1809,16.742220138785413
1810,16.742220138785413
1811,16.742220138785413
1812,16.742220138785413
1813,16.742220138785413
1814,16.742220138785413
1815,16.742220138785413
1816,16.742220138785413
1817,16.742220138785413
1818,16.742220138785413
1819,16.742220138785413
1820,16.742220138785413
1821,16.742220138785413
1822,16.742220138785413
1823,16.742220138785413
1824,16.742220138785413
1825,16.742220138785413
1826,16.742220138785413
1827,16.742220138785413
1828,16.742220138785413
1829,16.742220138785413
1830,16.742220138785413
1831,16.742220138785413
1832,16.742220138785413
1833,16.742220138785413
1834,16.742220138785413
1835,16.742220138785413
1836,16.742220138785413
1837,16.742220138785413
1838,16.742220138785413
1839,16.742220138785413
1840,16.742220138785413
1841,16.742220138785413
1842,16.742220138785413
1843,16.742220138785413
1844,16.742220138785413
1845,16.742220138785413
1846,16.742220138785413
1847,16.742220138785413
1848,16.742220138785413
1849,16.742220138785413
1850,16.742220138785413
1851,16.742220138785413
1852,16.742220138785413
1853,16.742220138785413
1854,16.742220138785413
1855,16.742220138785413
1856,16.742220138785413
1857,16.742220138785413
1858,16.742220138785413
1859,16.742220138785413
1860,16.742220138785413
1861,16.742220138785413
1862,16.742220138785413
1863,16.742220138785413
1864,16.742220138785413
1865,16.742220138785413
1866,16.742220138785413
1867,16.742220138785413
1868,16.742220138785413
1869,16.742220138785413
1870,16.742220138785413
1871,16.742220138785413
1872,16.742220138785413
1873,16.742220138785413
1874,16.742220138785413
1875,16.742220138785413
1876,16.742220138785413
1877,16.742220138785413
1878,16.742220138785413
1879,16.742220138785413
1880,16.742220138785413
1881,16.742220138785413
1882,16.742220138785413
1883,16.742220138785413
1884,16.742220138785413
1885,16.742220138785413
1886,16.742220138785413
1887,16.742220138785413
1888,16.742220138785413
1889,16.742220138785413
1890,16.742220138785413
1891,16.742220138785413
1892,16.742220138785413
1893,16.742220138785413
1894,16.742220138785413
1895,16.742220138785413
1896,16.742220138785413
1897,16.742220138785413
1898,16.742220138785413
1899,16.742220138785413
1900,16.742220138785413
1901,16.742220138785413
1902,16.742220138785413
1903,16.742220138785413
1904,16.742220138785413
1905,16.742220138785413
1906,16.742220138785413
1907,16.742220138785413
1908,16.742220138785413
1909,16.742220138785413
1910,16.742220138785413
1911,16.742220138785413
1912,16.742220138785413
1913,16.742220138785413
1914,16.742220138785413
1915,16.742220138785413
1916,16.742220138785413
1917,16.742220138785413
1918,16.742220138785413
1919,16.742220138785413
1920,16.742220138785413
1921,16.742220138785413
1922,16.742220138785413
1923,16.742220138785413
1924,16.742220138785413
1925,16.742220138785413
1926,16.742220138785413
1927,16.742220138785413
1928,16.742220138785413
1929,16.742220138785413
1930,16.742220138785413
1931,16.742220138785413
1932,16.742220138785413
1933,16.742220138785413
1934,16.742220138785413
1935,16.742220138785413
1936,16.742220138785413
1937,16.742220138785413
1938,16.742220138785413
1939,16.742220138785413
1940,16.742220138785413
1941,16.742220138785413
1942,16.742220138785413
1943,16.742220138785413
1944,16.742220138785413
1945,16.742220138785413
1946,16.742220138785413
1947,16.742220138785413
1948,16.742220138785413
1949,16.742220138785413
1950,16.742220138785413
1951,16.742220138785413
1952,16.742220138785413
1953,16.742220138785413
1954,16.742220138785413
1955,16.742220138785413
1956,16.742220138785413
1957,16.742220138785413
1958,16.742220138785413
1959,16.742220138785413
1960,16.742220138785413
1961,16.742220138785413
1962,16.742220138785413
1963,16.742220138785413
1964,16.742220138785413
1965,16.742220138785413
1966,16.742220138785413
1967,16.742220138785413
1968,16.742220138785413
1969,16.742220138785413
1970,16.742220138785413
1971,16.742220138785413
1972,16.742220138785413
1973,16.742220138785413
1974,16.742220138785413
1975,16.742220138785413
1976,16.742220138785413
1977,16.742220138785413
1978,16.742220138785413
1979,16.742220138785413
1980,16.742220138785413
1981,16.742220138785413
1982,16.742220138785413
1983,16.742220138785413
1984,16.742220138785413
1985,16.742220138785413
1986,16.742220138785413
1987,16.742220138785413
1988,16.742220138785413
1989,16.742220138785413
1990,16.742220138785413
1991,16.742220138785413
1992,16.742220138785413
1993,16.742220138785413
1994,16.742220138785413
1995,16.742220138785413
1996,16.742220138785413
1997,16.742220138785413
1998,16.742220138785413
1999,16.742220138785413
2000,16.742220138785413
